{"is_source_file": true, "format": "Python", "description": "This is a FastAPI application defining a basic web service with CORS middleware and a health check endpoint.", "external_files": ["fastapi", "fastapi.middleware.cors"], "external_methods": ["FastAPI()", "CORSMiddleware", "app.add_middleware", "app.get"], "published": ["app"], "classes": [], "methods": [{"name": "health_check()", "description": "Defines a GET endpoint at '/' that returns a health status message.", "scope": "", "scopeKind": ""}], "calls": ["FastAPI()", "app.add_middleware", "CORSMiddleware", "app.get"], "search-terms": ["FastAPI", "CORS", "health check", "main.py", "api", "middleware"], "state": 2, "file_id": 8, "knowledge_revision": 26, "git_revision": "4656ca218d97aa24ff4b05ebd17eb1159b06fadf", "ctags": [{"_type": "tag", "name": "app", "path": "/home/kavia/workspace/code-generation/intern-log-management-system-41172-41190/intern_logs_backend/src/api/main.py", "pattern": "/^app = FastAPI()$/", "language": "Python", "kind": "variable"}, {"_type": "tag", "name": "health_check", "path": "/home/kavia/workspace/code-generation/intern-log-management-system-41172-41190/intern_logs_backend/src/api/main.py", "pattern": "/^def health_check():$/", "language": "Python", "kind": "function", "signature": "()"}], "hash": "58352bf5f133908bab16643199aa483d", "format-version": 4, "code-base-name": "intern_logs_backend", "filename": "intern_logs_backend/src/api/main.py", "fields": [{"name": "app = FastAPI()", "scope": "", "scopeKind": "", "description": "unavailable"}], "revision_history": [{"26": "4656ca218d97aa24ff4b05ebd17eb1159b06fadf"}]}