{"is_source_file": true, "format": "Python", "description": "This file generates an OpenAPI schema for the API and writes it to a JSON file.", "external_files": ["src/api/main"], "external_methods": ["app.openapi()"], "published": [], "classes": [], "methods": [{"name": "None", "description": "The script executes a sequence of statements to generate and save the OpenAPI schema."}], "calls": ["app.openapi()", "os.makedirs", "os.path.join", "json.dump"], "search-terms": ["generate_openapi", "openapi_schema", "write openapi json", "api documentation", "OpenAPI schema generation"], "state": 2, "file_id": 6, "knowledge_revision": 27, "git_revision": "4656ca218d97aa24ff4b05ebd17eb1159b06fadf", "ctags": [{"_type": "tag", "name": "openapi_schema", "path": "/home/kavia/workspace/code-generation/intern-log-management-system-41172-41190/intern_logs_backend/src/api/generate_openapi.py", "pattern": "/^openapi_schema = app.openapi()$/", "language": "Python", "kind": "variable"}, {"_type": "tag", "name": "output_dir", "path": "/home/kavia/workspace/code-generation/intern-log-management-system-41172-41190/intern_logs_backend/src/api/generate_openapi.py", "pattern": "/^output_dir = \"interfaces\"$/", "language": "Python", "kind": "variable"}, {"_type": "tag", "name": "output_path", "path": "/home/kavia/workspace/code-generation/intern-log-management-system-41172-41190/intern_logs_backend/src/api/generate_openapi.py", "pattern": "/^output_path = os.path.join(output_dir, \"openapi.json\")$/", "language": "Python", "kind": "variable"}], "hash": "61e3715e79bc397fab3e70f503a41417", "format-version": 4, "code-base-name": "intern_logs_backend", "filename": "intern_logs_backend/src/api/generate_openapi.py", "fields": [{"name": "openapi_schema = app.openapi()", "scope": "", "scopeKind": "", "description": "unavailable"}, {"name": "output_dir = \"interfaces\"", "scope": "", "scopeKind": "", "description": "unavailable"}, {"name": "output_path = os.path.join(output_dir, \"openapi.json\")", "scope": "", "scopeKind": "", "description": "unavailable"}], "revision_history": [{"27": "4656ca218d97aa24ff4b05ebd17eb1159b06fadf"}]}