{"is_source_file": false, "format": "", "description": "", "external_files": [], "external_methods": [], "published": [], "classes": [], "methods": [], "calls": [], "search-terms": [], "state": 2, "file_id": 5, "knowledge_revision": 24, "git_revision": "2228ed13e60219feb60e4f1f7504787c5ee4dcc0", "hash": "51862b82bca30f199b0ecb98ce50a40b", "format-version": 4, "code-base-name": "intern_logs_backend", "filename": "README.md", "revision_history": [{"24": "2228ed13e60219feb60e4f1f7504787c5ee4dcc0"}]}